ItemNumber,ItemTime,BidAmount
1,1.2,872.74
1,1.9,916.38
1,3.3,962.20
1,4.9,1010.31
1,7.4,1060.83
1,7.6,1113.87
1,8.0,1169.56
1,8.2,1228.04
1,8.3,1289.44
1,8.7,1353.91
1,8.8,1421.61
1,9.7,1492.69
1,10.7,1567.32
1,12.4,1645.69
2,1.7,3819.58
2,2.1,4010.56
2,3.3,4211.08
2,4.3,4421.64
2,4.4,4642.72
2,5.1,4874.86
2,6.0,5118.60
2,6.0,5374.53
2,6.0,5643.26
2,6.2,5925.42
2,6.3,6221.69
2,6.6,6532.77
2,7.3,6859.41
2,8.3,7202.38
3,1.6,1416.95
3,1.9,1487.80
3,2.0,1562.19
3,2.0,1640.29
3,3.0,1722.31
3,3.0,1808.43
3,3.0,1898.85
3,3.0,1993.79
3,3.1,2093.48
3,3.5,2198.15
3,3.9,2308.06
3,4.1,2423.46
3,5.3,2544.64
4,0.6,1602.21
4,0.6,1682.32
4,0.7,1766.44
4,1.5,1854.76
4,1.7,1947.50
4,1.8,2044.88
4,2.5,2147.12
4,2.6,2254.48
4,2.7,2367.20
4,3.5,2485.56
4,3.9,2609.84
4,4.1,2740.33
4,4.3,2877.35
4,4.6,3021.21
4,5.1,3172.27
4,5.2,3330.89
4,5.3,3497.43
4,6.2,3672.30
4,6.3,3855.92
5,1.2,140.76
5,2.0,147.80
5,2.1,155.19
5,2.4,162.95
5,2.8,171.10
5,3.0,179.65
5,3.0,188.63
5,3.1,198.06
5,3.1,207.97
5,3.9,218.37
5,4.1,229.28
5,4.1,240.75
5,4.5,252.79
5,5.0,265.43
5,5.2,278.70
5,6.4,292.63
5,7.7,307.26
5,8.6,322.63
6,1.1,836.62
6,2.2,878.45
6,3.1,922.38
6,3.9,968.50
6,4.5,1016.92
6,5.5,1067.77
6,5.7,1121.15
6,6.1,1177.21
6,6.1,1236.07
6,6.1,1297.88
6,6.2,1362.77
6,6.3,1430.91
6,6.3,1502.45
6,6.4,1577.58
6,7.5,1656.46
6,8.7,1739.28
6,9.3,1826.24
6,9.8,1917.55
7,1.4,2771.32
7,2.5,2909.89
7,3.0,3055.38
7,3.1,3208.15
7,3.1,3368.56
7,3.5,3536.98
7,4.7,3713.83
7,5.0,3899.52
7,5.0,4094.50
7,5.1,4299.23
7,5.1,4514.19
7,5.6,4739.90
7,6.8,4976.89
7,7.0,5225.74
7,7.3,5487.02
8,1.1,369.64
8,2.0,388.12
8,2.1,407.52
8,3.0,427.90
8,3.0,449.29
8,3.2,471.76
8,4.0,495.35
8,4.1,520.11
8,4.1,546.12
8,4.2,573.43
8,6.2,602.10
8,6.2,632.20
8,6.2,663.81
8,6.2,697.00
8,6.2,731.85
8,7.4,768.45
8,7.5,806.87
8,7.6,847.21
8,8.0,889.57
8,8.6,934.05
8,9.1,980.75
8,10.1,1029.79
8,11.0,1081.28
8,11.6,1135.34
9,1.1,81.36
9,2.0,85.43
9,2.1,89.70
9,2.4,94.18
9,3.9,98.89
9,4.0,103.84
9,4.0,109.03
9,4.1,114.48
9,4.1,120.20
9,4.1,126.22
9,4.1,132.53
9,4.2,139.15
9,4.5,146.11
9,5.5,153.42
9,5.8,161.09
9,5.9,169.14
9,6.1,177.60
9,6.5,186.48
9,7.2,195.80
9,8.2,205.59
10,1.4,396.99
10,2.1,416.84
10,2.5,437.68
10,3.2,459.56
10,4.4,482.54
10,4.6,506.67
10,5.3,532.00
10,5.4,558.60
10,7.3,586.53
10,7.3,615.86
10,8.1,646.65
10,8.7,678.98
11,0.0,390.45
11,1.4,409.97
11,2.2,430.47
11,4.0,451.99
11,4.0,474.59
11,4.1,498.32
11,4.1,523.24
11,4.1,549.40
11,4.5,576.87
11,5.8,605.71
11,6.2,636.00
11,6.2,667.80
11,6.3,701.19
11,7.3,736.24
11,7.4,773.06
11,8.4,811.71
11,8.5,852.30
11,9.5,894.91
11,59.8,939.66
12,1.7,16.74
12,2.6,17.58
12,4.3,18.46
12,4.5,19.38
12,5.1,20.35
12,5.2,21.37
12,5.3,22.43
12,5.4,23.56
12,6.1,24.73
12,6.1,25.97
12,6.3,27.27
12,6.4,28.63
12,6.6,30.06
12,8.0,31.57
12,8.9,33.14
13,1.4,957.17
13,2.0,1005.02
13,2.0,1055.28
13,2.0,1108.04
13,2.5,1163.44
13,3.1,1221.61
13,4.9,1282.69
13,5.2,1346.83
13,5.3,1414.17
13,6.3,1484.88
14,1.0,1160.58
14,2.3,1218.61
14,2.8,1279.54
14,3.1,1343.52
14,3.7,1410.70
14,3.9,1481.23
14,4.0,1555.29
14,4.0,1633.06
14,4.1,1714.71
14,4.1,1800.45
14,4.5,1890.47
14,5.0,1984.99
14,5.1,2084.24
14,6.3,2188.45
14,7.0,2297.88
14,7.9,2412.77
15,1.8,2126.21
15,2.9,2232.52
15,3.9,2344.15
15,4.0,2461.35
15,4.1,2584.42
15,4.1,2713.64
15,4.2,2849.33
15,4.4,2991.79
15,4.9,3141.38
15,5.0,3298.45
15,5.1,3463.37
15,5.1,3636.54
15,5.5,3818.37
15,6.2,4009.29
15,7.5,4209.75
15,8.4,4420.24
15,9.5,4641.25
16,0.2,163.58
16,0.6,171.76
16,0.7,180.35
16,0.9,189.37
16,1.0,198.83
16,1.2,208.78
16,1.3,219.21
16,1.7,230.17
16,2.6,241.68
16,2.8,253.77
16,3.0,266.46
16,3.0,279.78
16,3.1,293.77
16,3.2,308.46
16,3.5,323.88
16,4.0,340.07
16,4.1,357.08
16,4.4,374.93
16,4.8,393.68
16,5.1,413.36
16,5.3,434.03
16,5.4,455.73
16,5.7,478.52
16,6.1,502.44
16,6.9,527.56
16,7.4,553.94
16,7.5,581.64
16,8.3,610.72
16,8.5,641.26
16,8.8,673.32
16,9.2,706.99
16,9.4,742.34
16,9.5,779.45
16,10.0,818.43
16,10.4,859.35
16,10.7,902.31
16,11.1,947.43
16,11.2,994.80
16,11.7,1044.54
16,11.8,1096.77
16,12.0,1151.61
16,12.1,1209.19
16,12.5,1269.65
16,13.0,1333.13
16,13.4,1399.79
16,13.8,1469.77
16,14.0,1543.26
16,14.4,1620.43
16,14.9,1701.45
16,15.2,1786.52
16,15.6,1875.85
16,15.8,1969.64
16,16.1,2068.12
16,16.3,2171.53
16,16.6,2280.10
16,16.7,2394.11
16,17.0,2513.81
16,17.3,2639.50
16,17.6,2771.48
16,17.6,2910.05
16,18.0,3055.56
16,18.3,3208.33
16,18.7,3368.75
16,18.9,3537.19
16,19.3,3714.05
16,19.8,3899.75
16,20.2,4094.74
16,20.4,4299.47
16,20.6,4514.45
17,1.4,468.94
17,2.6,492.39
17,3.3,517.01
17,3.6,542.86
17,4.0,570.00
17,4.0,598.50
17,4.1,628.43
17,4.1,659.85
17,4.1,692.84
17,4.1,727.49
17,4.3,763.86
17,4.5,802.05
17,4.6,842.16
17,5.1,884.26
17,5.1,928.48
17,5.2,974.90
17,5.6,1023.65
17,6.4,1074.83
17,7.1,1128.57
17,7.3,1185.00
17,8.4,1244.25
17,9.4,1306.46
18,1.1,803.16
18,2.2,843.32
18,3.1,885.49
18,4.0,929.76
18,4.1,976.25
18,4.2,1025.06
18,4.6,1076.31
18,4.9,1130.13
18,5.0,1186.64
18,5.5,1245.97
18,7.0,1308.27
18,7.4,1373.68
18,8.4,1442.36
18,9.3,1514.48
18,9.4,1590.21
18,10.8,1669.72
18,11.7,1753.20
18,13.0,1840.86
19,2.9,960.26
19,3.0,1008.28
19,3.1,1058.69
19,4.8,1111.62
19,4.9,1167.21
19,5.0,1225.57
19,5.1,1286.84
19,5.3,1351.19
19,5.8,1418.75
19,6.1,1489.68
19,6.2,1564.17
19,6.8,1642.37
20,1.0,1025.81
20,2.5,1077.10
20,3.1,1130.96
20,3.6,1187.51
20,4.4,1246.88
20,5.2,1309.23
20,5.6,1374.69
20,6.1,1443.42
20,6.4,1515.59
20,7.4,1591.37
21,1.3,336.24
21,2.7,353.05
21,3.0,370.70
21,3.0,389.24
21,3.1,408.70
21,3.2,429.13
21,3.9,450.59
21,4.0,473.12
21,4.0,496.78
21,4.1,521.61
21,4.7,547.69
21,5.1,575.08
21,6.1,603.83
22,0.0,286.18
22,0.4,300.49
22,0.6,315.52
22,1.1,331.29
22,1.3,347.86
22,1.5,365.25
22,1.7,383.51
22,2.2,402.69
22,2.3,422.82
22,2.6,443.96
22,2.8,466.16
22,2.9,489.47
22,3.1,513.94
22,3.3,539.64
22,3.4,566.62
22,3.5,594.95
22,4.8,624.70
23,1.5,94.97
23,2.2,99.72
23,2.9,104.71
23,3.2,109.94
23,3.5,115.44
23,3.6,121.21
23,4.0,127.27
23,4.1,133.64
23,4.2,140.32
23,4.5,147.34
23,5.3,154.70
23,5.9,162.44
23,6.1,170.56
23,6.1,179.09
23,6.2,188.04
23,6.3,197.44
24,1.1,52.05
24,2.2,54.66
24,3.4,57.39
24,4.9,60.26
24,5.1,63.27
24,6.3,66.44
24,7.2,69.76
25,1.4,850.43
25,2.4,892.96
25,3.1,937.60
25,3.1,984.48
25,3.5,1033.71
25,3.8,1085.39
25,4.0,1139.66
25,4.0,1196.65
25,4.1,1256.48
25,4.1,1319.30
25,4.1,1385.27
25,5.0,1454.53
25,5.1,1527.26
25,5.1,1603.62
25,5.4,1683.80
25,6.1,1767.99
25,6.4,1856.39
25,7.7,1949.21
26,2.1,116.58
26,3.1,122.41
26,3.6,128.53
26,4.5,134.96
26,5.3,141.71
26,5.3,148.79
26,6.3,156.23
26,6.3,164.04
26,6.9,172.25
26,8.0,180.86
26,8.0,189.90
26,8.2,199.40
26,9.1,209.37
26,9.2,219.83
26,11.8,230.83
26,14.2,242.37
26,14.7,254.48
27,0.1,782.99
27,2.2,822.14
27,2.8,863.25
27,3.6,906.41
27,4.4,951.73
27,5.7,999.32
27,6.9,1049.28
27,7.4,1101.75
27,8.1,1156.83
27,8.2,1214.68
27,8.2,1275.41
27,8.5,1339.18
27,9.3,1406.14
27,10.3,1476.45
27,11.3,1550.27
27,59.7,1627.78
28,1.2,567.15
28,2.0,595.50
28,2.1,625.28
28,2.7,656.54
28,2.9,689.37
28,3.0,723.84
28,3.0,760.03
28,3.0,798.03
28,3.1,837.93
28,3.1,879.83
28,3.8,923.82
28,3.9,970.01
28,4.1,1018.51
28,4.1,1069.44
28,4.2,1122.91
28,4.5,1179.05
28,5.0,1238.01
28,5.1,1299.91
29,1.0,472.72
29,1.2,496.35
29,1.9,521.17
29,3.0,547.23
29,3.0,574.59
29,3.1,603.32
29,4.3,633.49
30,2.0,868.75
30,2.2,912.19
30,2.8,957.80
30,2.8,1005.69
30,2.9,1055.97
30,3.1,1108.77
30,3.8,1164.21
30,3.9,1222.42
30,4.0,1283.54
30,4.0,1347.72
30,4.1,1415.10
30,4.1,1485.86
30,5.5,1560.15
30,5.9,1638.16
30,7.6,1720.07
31,2.0,169.88
31,2.0,178.38
31,2.0,187.30
31,2.0,196.66
31,2.1,206.49
31,2.7,216.82
31,3.2,227.66
31,3.7,239.04
31,4.1,250.99
31,4.2,263.54
31,4.2,276.72
31,5.1,290.56
31,5.7,305.08
31,5.7,320.34
31,5.9,336.36
31,5.9,353.17
31,6.0,370.83
31,6.1,389.37
31,6.2,408.84
31,6.3,429.28
31,8.0,450.75
32,1.0,1096.02
32,1.1,1150.82
32,1.9,1208.36
32,2.5,1268.78
32,3.4,1332.22
32,3.8,1398.83
32,4.0,1468.77
32,4.0,1542.21
32,4.1,1619.32
32,4.1,1700.28
32,5.1,1785.30
32,5.2,1874.56
32,5.3,1968.29
32,6.3,2066.71
32,6.5,2170.04
32,6.9,2278.54
32,7.9,2392.47
32,8.9,2512.09
33,1.4,338.03
33,3.8,354.93
33,4.0,372.67
33,4.2,391.31
33,6.0,410.87
33,6.0,431.42
33,6.1,452.99
33,6.1,475.64
33,6.4,499.42
33,6.4,524.39
33,6.7,550.61
33,6.8,578.14
33,7.1,607.04
33,7.2,637.40
33,7.4,669.27
33,7.4,702.73
33,8.4,737.87
33,8.7,774.76
33,9.2,813.50
33,10.2,854.17
33,11.2,896.88
34,0.5,177.32
34,0.6,186.18
34,1.1,195.49
34,1.4,205.27
34,1.7,215.53
34,2.4,226.31
34,2.6,237.62
34,2.9,249.50
34,3.0,261.98
34,3.2,275.08
34,3.3,288.83
34,3.7,303.27
34,3.8,318.44
34,4.1,334.36
34,4.4,351.08
34,4.7,368.63
34,5.2,387.06
34,5.3,406.42
34,5.7,426.74
34,6.0,448.07
34,6.3,470.48
34,6.5,494.00
34,6.9,518.70
34,7.4,544.64
34,7.5,571.87
34,8.0,600.46
34,8.2,630.48
34,8.6,662.01
34,8.9,695.11
34,9.1,729.86
34,9.4,766.36
34,9.7,804.68
34,10.2,844.91
34,10.5,887.16
34,10.7,931.51
35,0.0,207.65
35,2.2,218.03
35,2.8,228.93
35,3.5,240.38
35,3.7,252.40
35,3.7,265.02
35,4.0,278.27
35,4.0,292.18
35,4.1,306.79
35,4.1,322.13
35,4.2,338.24
35,4.9,355.15
35,5.0,372.91
35,5.2,391.55
35,5.4,411.13
35,5.9,431.69
35,6.7,453.27
35,7.3,475.93
35,8.1,499.73
35,8.8,524.72
35,10.0,550.95
36,1.0,697.06
36,1.6,731.91
36,2.1,768.51
36,2.8,806.93
36,2.9,847.28
36,3.0,889.64
36,3.1,934.12
36,4.1,980.83
36,5.1,1029.87
37,1.4,394.55
37,2.4,414.28
37,2.7,434.99
37,2.9,456.74
37,3.1,479.58
37,3.4,503.56
37,4.0,528.74
37,4.0,555.18
37,4.1,582.93
37,4.1,612.08
37,4.2,642.69
37,5.4,674.82
37,6.0,708.56
37,6.4,743.99
38,1.3,1293.50
38,1.9,1358.18
38,2.3,1426.08
38,2.4,1497.39
38,2.7,1572.26
38,2.8,1650.87
38,3.7,1733.41
38,3.9,1820.09
38,4.0,1911.09
38,4.0,2006.64
38,4.1,2106.98
38,4.1,2212.32
38,4.1,2322.94
38,4.2,2439.09
38,4.3,2561.04
38,4.5,2689.09
38,5.0,2823.55
38,5.4,2964.73
38,6.0,3112.96
38,6.1,3268.61
38,6.1,3432.04
38,6.3,3603.64
38,7.1,3783.83
39,1.0,1829.51
39,1.5,1920.98
39,2.3,2017.03
39,2.9,2117.88
39,3.0,2223.78
39,3.0,2334.96
39,3.1,2451.71
39,3.1,2574.30
39,3.1,2703.01
39,4.0,2838.16
39,4.1,2980.07
39,4.1,3129.08
39,4.9,3285.53
39,6.6,3449.81
39,8.1,3622.30
39,9.1,3803.41
40,1.1,474.22
40,2.2,497.93
40,2.9,522.83
40,3.1,548.97
40,3.2,576.42
40,3.6,605.24
40,4.0,635.50
40,4.2,667.28
40,4.3,700.64
40,4.7,735.67
40,4.8,772.46
40,5.5,811.08
40,7.6,851.64
40,7.7,894.22
40,8.1,938.93
40,8.3,985.87
40,8.4,1035.17
40,9.3,1086.93
40,9.7,1141.27
40,10.7,1198.34
40,11.3,1258.25
41,1.1,2910.18
41,2.9,3055.69
41,3.0,3208.47
41,4.2,3368.90
41,4.6,3537.34
41,5.5,3714.21
41,5.6,3899.92
41,5.9,4094.92
41,6.2,4299.66
41,8.5,4514.65
41,9.3,4740.38
41,9.4,4977.40
41,9.6,5226.27
41,10.8,5487.58
41,11.9,5761.96
42,0.3,67.91
42,0.5,71.30
42,0.8,74.87
42,1.5,78.61
42,1.7,82.54
42,1.8,86.67
42,2.1,91.00
42,2.2,95.55
42,2.5,100.33
42,2.7,105.35
42,2.8,110.62
42,3.5,116.15
42,3.9,121.95
42,4.1,128.05
42,4.3,134.45
42,4.7,141.18
42,5.1,148.24
42,5.4,155.65
42,5.6,163.43
42,5.7,171.60
42,6.2,180.18
42,6.7,189.19
42,7.3,198.65
42,7.5,208.58
42,8.3,219.01
42,8.5,229.96
42,8.9,241.46
42,9.4,253.53
42,9.7,266.21
42,9.8,279.52
42,10.1,293.50
42,10.2,308.17
42,10.7,323.58
42,10.8,339.76
42,11.0,356.75
42,11.4,374.59
42,11.6,393.32
42,12.0,412.98
42,12.2,433.63
42,12.9,455.31
42,13.2,478.08
42,13.7,501.98
42,14.1,527.08
42,14.2,553.43
42,14.7,581.11
42,14.9,610.16
42,15.5,640.67
42,15.8,672.70
42,16.1,706.34
42,16.6,741.65
42,17.1,778.74
42,17.4,817.67
42,17.7,858.56
42,17.9,901.49
42,18.2,946.56
42,18.4,993.89
42,19.0,1043.58
42,19.1,1095.76
42,19.4,1150.55
42,19.8,1208.08
42,20.1,1268.48
42,20.7,1331.91
42,21.3,1398.50
42,21.7,1468.43
42,22.0,1541.85
42,22.1,1618.94
42,22.4,1699.89
42,22.7,1784.88
42,22.9,1874.12
42,23.1,1967.83
42,23.3,2066.22
42,23.4,2169.53
42,23.7,2278.01
42,24.0,2391.91
42,24.2,2511.51
42,24.8,2637.08
42,25.2,2768.94
42,25.4,2907.38
42,25.8,3052.75
42,26.0,3205.39
42,26.7,3365.66
42,27.4,3533.94
42,27.6,3710.64
42,28.0,3896.17
42,28.5,4090.98
42,28.7,4295.53
42,29.2,4510.30
42,29.5,4735.82
42,29.8,4972.61
42,30.1,5221.24
42,30.3,5482.30
42,30.5,5756.42
43,1.9,1083.56
43,2.1,1137.74
43,3.3,1194.62
43,5.5,1254.35
43,5.8,1317.07
43,8.0,1382.92
43,8.6,1452.07
43,9.2,1524.67
43,9.8,1600.91
43,10.4,1680.95
43,11.4,1765.00
43,12.4,1853.25
43,13.4,1945.91
43,14.6,2043.21
44,0.2,273.28
44,0.6,286.94
44,0.7,301.29
44,1.1,316.35
44,1.2,332.17
44,1.7,348.78
44,1.9,366.22
44,2.5,384.53
44,2.5,403.76
44,2.6,423.94
44,3.0,445.14
44,3.1,467.40
44,3.5,490.77
44,3.8,515.31
44,4.0,541.07
44,4.8,568.12
44,4.9,596.53
44,5.1,626.36
44,5.4,657.68
44,5.7,690.56
44,6.2,725.09
44,6.6,761.34
44,7.1,799.41
44,7.5,839.38
44,7.8,881.35
44,8.2,925.41
44,8.3,971.69
44,8.4,1020.27
44,8.7,1071.28
44,9.0,1124.85
44,9.3,1181.09
44,9.4,1240.14
44,9.9,1302.15
44,10.1,1367.26
44,10.6,1435.62
44,11.0,1507.40
44,11.1,1582.77
44,11.5,1661.91
44,12.0,1745.01
44,12.2,1832.26
44,12.4,1923.87
44,12.8,2020.06
45,1.0,202.55
45,2.0,212.68
45,2.1,223.31
45,2.9,234.48
45,3.0,246.20
45,3.0,258.51
45,3.1,271.43
45,3.1,285.01
45,4.0,299.26
45,4.0,314.22
45,4.0,329.93
45,4.1,346.43
45,4.1,363.75
45,4.1,381.94
45,4.3,401.03
45,4.4,421.08
45,4.7,442.14
45,5.4,464.25
45,6.6,487.46
45,6.6,511.83
45,7.2,537.42
45,7.3,564.29
45,8.5,592.51
45,9.3,622.13
45,9.4,653.24
45,9.4,685.90
45,9.6,720.20
45,10.2,756.21
45,11.0,794.02
45,11.9,833.72
46,1.5,663.70
46,2.7,696.88
46,3.4,731.72
46,4.3,768.31
46,4.8,806.73
46,5.3,847.06
46,5.4,889.42
46,5.8,933.89
46,6.4,980.58
46,6.5,1029.61
46,7.0,1081.09
46,7.1,1135.15
46,7.1,1191.90
46,7.4,1251.50
46,7.9,1314.07
46,9.6,1379.78
46,10.0,1448.77
46,10.4,1521.20
46,10.6,1597.26
46,11.0,1677.13
46,12.7,1760.98
46,13.5,1849.03
47,1.9,356.34
47,2.0,374.15
47,2.0,392.86
47,2.1,412.50
47,4.1,433.13
47,4.2,454.79
47,5.3,477.53
47,6.0,501.40
47,6.1,526.47
48,0.1,318.89
48,0.4,334.84
48,1.2,351.58
48,1.2,369.16
48,1.3,387.62
48,1.4,407.00
48,1.7,427.35
48,4.0,448.71
48,4.0,471.15
48,4.1,494.71
48,4.1,519.44
48,4.1,545.42
48,4.1,572.69
48,4.8,601.32
48,5.2,631.39
49,1.4,2908.32
49,2.9,3053.74
49,3.1,3206.42
49,3.1,3366.74
49,3.6,3535.08
49,4.4,3711.84
49,4.8,3897.43
49,5.1,4092.30
49,6.1,4296.91
49,6.1,4511.76
49,7.1,4737.35
49,8.2,4974.21
50,0.1,1160.31
50,0.7,1218.33
50,1.0,1279.25
50,1.7,1343.21
50,1.7,1410.37
50,1.9,1480.89
50,3.0,1554.93
50,3.1,1632.68
50,3.1,1714.31
50,3.2,1800.03
50,3.3,1890.03
50,3.5,1984.53
50,3.5,2083.76
50,3.6,2187.95
50,3.9,2297.34
50,4.0,2412.21
50,4.1,2532.82
50,4.1,2659.46
50,4.2,2792.43
50,4.7,2932.06
50,5.5,3078.66
50,5.7,3232.59
50,6.1,3394.22
50,6.1,3563.93
50,6.3,3742.13
50,6.4,3929.23
50,6.6,4125.70
50,7.2,4331.98
50,7.6,4548.58
50,7.8,4776.01
51,1.0,184.56
51,2.2,193.78
51,2.8,203.47
51,3.3,213.65
51,3.9,224.33
51,4.0,235.54
51,4.2,247.32
51,4.2,259.69
51,5.2,272.67
51,5.2,286.31
51,5.6,300.62
51,7.5,315.65
51,8.1,331.44
51,8.2,348.01
51,8.7,365.41
51,59.8,383.68
52,1.9,657.74
52,3.1,690.62
52,3.7,725.15
52,4.4,761.41
52,5.2,799.48
52,5.9,839.46
52,6.1,881.43
52,6.1,925.50
52,6.2,971.78
52,6.3,1020.37
52,6.5,1071.38
52,6.9,1124.95
52,7.0,1181.20
52,7.4,1240.26
52,8.3,1302.27
52,10.2,1367.39
52,10.3,1435.76
52,11.2,1507.54
52,11.4,1582.92
52,12.5,1662.07
53,1.3,1137.27
53,2.6,1194.14
53,3.3,1253.85
53,3.8,1316.54
53,4.0,1382.36
53,4.1,1451.48
53,4.1,1524.06
53,4.1,1600.26
53,6.2,1680.27
53,6.3,1764.29
53,8.4,1852.50
53,9.3,1945.13
54,1.6,59.49
54,2.0,62.47
54,2.0,65.59
54,3.6,68.87
54,4.6,72.32
54,5.1,75.93
54,5.2,79.73
54,5.3,83.71
54,5.6,87.90
54,6.9,92.30
54,7.0,96.91
54,7.2,101.76
54,7.3,106.84
54,7.5,112.19
54,7.8,117.80
54,8.2,123.68
54,8.4,129.87
54,8.7,136.36
55,2.0,397.48
55,2.0,417.35
55,2.1,438.22
55,3.0,460.13
55,3.0,483.14
55,3.1,507.29
55,3.1,532.66
55,4.0,559.29
55,4.0,587.26
55,4.2,616.62
55,4.4,647.45
55,5.5,679.82
56,1.2,1141.48
56,2.2,1198.55
56,2.8,1258.48
56,3.1,1321.41
56,3.1,1387.48
56,3.9,1456.85
56,4.0,1529.69
56,4.1,1606.18
56,4.2,1686.49
56,4.4,1770.81
56,5.3,1859.35
56,6.0,1952.32
56,6.1,2049.94
56,6.8,2152.43
56,7.2,2260.05
56,7.9,2373.06
56,9.2,2491.71
57,1.4,458.95
57,3.6,481.89
57,4.2,505.99
57,5.0,531.29
57,5.0,557.85
57,5.1,585.74
57,5.2,615.03
57,6.3,645.78
57,7.0,678.07
57,7.1,711.97
57,7.1,747.57
57,8.0,784.95
57,8.0,824.20
57,8.3,865.41
57,8.5,908.68
57,8.8,954.11
57,10.8,1001.82
58,0.2,621.35
58,0.6,652.42
58,0.8,685.04
58,1.8,719.29
58,2.1,755.25
58,2.2,793.02
58,2.4,832.67
58,2.6,874.30
58,3.1,918.02
58,3.5,963.92
58,4.2,1012.11
58,4.5,1062.72
58,4.5,1115.85
58,4.7,1171.65
58,5.0,1230.23
58,5.1,1291.74
58,5.5,1356.33
58,5.7,1424.14
58,6.8,1495.35
58,7.2,1570.12
58,7.2,1648.63
58,8.3,1731.06
59,1.0,170.67
59,1.4,179.20
59,2.7,188.16
59,2.8,197.57
59,2.9,207.45
59,3.0,217.82
59,3.1,228.71
59,3.1,240.15
59,4.2,252.16
59,4.7,264.76
59,5.1,278.00
59,5.3,291.90
59,59.8,306.50
60,1.3,1248.04
60,2.1,1310.45
60,2.9,1375.97
60,3.0,1444.77
60,3.0,1517.01
60,3.0,1592.86
60,3.0,1672.50
60,3.2,1756.12
60,3.6,1843.93
60,3.7,1936.13
60,4.0,2032.93
60,4.1,2134.58
60,4.1,2241.31
60,4.2,2353.37
60,5.1,2471.04
60,6.1,2594.59
61,2.3,6.16
61,2.8,6.47
61,3.4,6.80
61,3.7,7.13
61,3.9,7.49
61,4.0,7.87
61,4.1,8.26
61,4.1,8.67
61,4.2,9.11
61,4.9,9.56
61,5.1,10.04
61,5.1,10.54
61,6.1,11.07
61,7.1,11.62
61,8.1,12.20
62,1.3,2259.75
62,1.9,2372.74
62,2.2,2491.38
62,3.2,2615.95
62,3.7,2746.74
62,4.1,2884.08
62,4.2,3028.29
62,4.9,3179.70
62,5.1,3338.69
62,5.2,3505.62
62,6.0,3680.90
62,6.2,3864.95
62,7.6,4058.19
63,1.7,967.43
63,2.4,1015.81
63,2.7,1066.60
63,3.1,1119.93
63,3.8,1175.92
63,4.1,1234.72
63,4.1,1296.45
63,4.2,1361.28
63,4.8,1429.34
63,5.0,1500.81
63,5.2,1575.85
63,5.4,1654.64
63,6.7,1737.37
63,6.9,1824.24
63,7.0,1915.45
63,7.1,2011.22
63,7.1,2111.79
63,7.4,2217.38
63,7.5,2328.24
63,8.0,2444.66
64,1.3,523.93
64,2.6,550.13
64,3.9,577.63
64,4.0,606.52
64,4.0,636.84
64,4.0,668.68
64,4.1,702.12
64,4.2,737.22
64,4.4,774.09
64,4.5,812.79
64,5.1,853.43
64,5.1,896.10
64,5.2,940.91
64,5.5,987.95
64,7.0,1037.35
64,7.7,1089.22
64,8.5,1143.68
64,9.4,1200.86
65,1.1,1058.44
65,2.1,1111.37
65,2.2,1166.93
65,3.6,1225.28
65,4.4,1286.55
65,4.5,1350.87
65,5.1,1418.42
65,5.2,1489.34
65,5.2,1563.80
65,5.2,1641.99
65,6.9,1724.09
65,7.1,1810.30
65,8.2,1900.81
65,9.3,1995.85
65,10.4,2095.65
66,0.2,366.29
66,0.4,384.60
66,1.0,403.83
66,1.0,424.02
66,1.7,445.23
66,2.7,467.49
66,3.4,490.86
66,3.5,515.40
66,3.9,541.17
66,4.0,568.23
66,4.1,596.65
66,4.2,626.48
66,4.3,657.80
66,4.4,690.69
66,4.6,725.23
66,5.0,761.49
66,5.5,799.56
66,5.8,839.54
66,6.0,881.52
66,6.4,925.59
66,6.6,971.87
66,6.8,1020.47
66,7.0,1071.49
66,7.1,1125.06
66,7.4,1181.32
66,7.8,1240.38
66,8.0,1302.40
66,8.1,1367.52
66,8.5,1435.90
66,8.6,1507.69
66,8.8,1583.08
66,9.3,1662.23
66,9.4,1745.34
66,9.7,1832.61
66,10.2,1924.24
66,10.6,2020.45
66,11.0,2121.48
67,1.0,313.16
67,2.1,328.82
67,2.8,345.26
67,2.9,362.52
67,3.0,380.65
67,3.1,399.68
67,4.6,419.67
67,5.5,440.65
67,6.0,462.68
67,6.0,485.82
67,6.2,510.11
67,7.3,535.61
67,7.9,562.39
67,8.0,590.51
67,59.8,620.04
68,1.0,2578.62
68,3.0,2707.55
68,3.0,2842.92
68,3.2,2985.07
68,3.9,3134.32
68,4.0,3291.04
68,4.0,3455.59
68,4.1,3628.37
68,4.1,3809.79
68,4.2,4000.28
68,4.4,4200.29
68,5.9,4410.31
68,6.1,4630.82
68,7.4,4862.36
69,1.5,358.11
69,1.9,376.02
69,2.0,394.82
69,2.0,414.56
69,2.0,435.29
69,2.1,457.05
69,3.1,479.91
69,3.1,503.90
69,3.1,529.10
69,3.6,555.55
69,3.6,583.33
69,3.7,612.49
69,3.8,643.12
69,3.9,675.28
69,4.1,709.04
69,5.2,744.49
69,5.9,781.72
69,6.8,820.80
70,1.5,1422.68
70,3.3,1493.81
70,4.0,1568.50
70,4.0,1646.93
70,4.0,1729.27
70,4.1,1815.73
70,4.5,1906.52
70,5.2,2001.85
70,6.1,2101.94
70,6.2,2207.04
70,6.9,2317.39
70,7.2,2433.26
70,8.1,2554.92
70,8.8,2682.67
71,1.2,2933.71
71,2.1,3080.40
71,2.2,3234.42
71,3.0,3396.14
71,3.0,3565.95
71,3.0,3744.24
71,3.1,3931.46
71,3.1,4128.03
71,3.9,4334.43
71,4.7,4551.15
71,5.6,4778.71
71,5.9,5017.64
71,6.0,5268.53
71,6.2,5531.95
71,6.2,5808.55
71,6.3,6098.98
71,6.7,6403.93
71,7.4,6724.12
71,8.1,7060.33
71,8.2,7413.35
71,9.3,7784.01
72,0.4,155.39
72,1.0,163.16
72,1.4,171.32
72,1.4,179.88
72,1.9,188.87
72,1.9,198.32
72,2.4,208.23
72,2.5,218.65
72,2.7,229.58
72,3.0,241.06
72,3.1,253.11
72,3.2,265.77
72,3.4,279.05
72,3.9,293.01
72,4.1,307.66
72,4.3,323.04
72,4.7,339.19
72,4.8,356.15
72,5.1,373.96
72,5.3,392.66
72,5.5,412.29
72,5.8,432.90
72,5.9,454.55
72,6.1,477.28
72,6.5,501.14
72,6.8,526.20
72,7.3,552.51
72,7.5,580.13
72,7.9,609.14
72,8.1,639.60
72,8.3,671.58
72,8.6,705.16
72,8.7,740.41
72,9.4,777.43
72,9.7,816.31
72,9.9,857.12
72,10.2,899.98
72,10.5,944.98
72,10.8,992.23
72,11.4,1041.84
72,11.7,1093.93
72,12.0,1148.62
72,12.1,1206.06
72,12.3,1266.36
72,12.8,1329.68
72,13.1,1396.16
72,13.4,1465.97
72,13.5,1539.27
72,13.8,1616.23
72,14.0,1697.04
72,14.2,1781.89
72,14.5,1870.99
72,14.9,1964.54
72,15.5,2062.77
72,16.0,2165.90
72,16.5,2274.20
72,17.1,2387.91
72,17.2,2507.30
72,17.6,2632.67
72,17.8,2764.30
72,18.1,2902.52
72,18.4,3047.64
72,18.8,3200.03
72,18.9,3360.03
72,19.2,3528.03
72,19.7,3704.43
72,20.1,3889.65
72,20.6,4084.13
72,20.8,4288.34
72,21.1,4502.76
72,21.3,4727.90
72,21.6,4964.29
72,21.8,5212.51
72,22.1,5473.13
72,22.5,5746.79
72,22.5,6034.13
72,23.0,6335.83
72,23.3,6652.62
72,23.7,6985.26
72,23.9,7334.52
72,24.2,7701.24
72,24.5,8086.31
73,1.0,165.79
73,2.1,174.08
73,3.1,182.78
73,4.2,191.92
73,4.5,201.52
73,5.0,211.59
73,5.0,222.17
73,5.0,233.28
73,5.1,244.94
73,5.1,257.19
73,5.2,270.05
73,5.2,283.55
73,5.2,297.73
73,7.8,312.62
73,8.6,328.25
73,9.2,344.66
73,9.3,361.89
73,9.3,379.99
73,9.4,398.99
73,9.4,418.94
73,9.6,439.88
73,9.9,461.88
73,10.2,484.97
73,10.4,509.22
73,10.5,534.68
73,10.7,561.41
74,1.5,3058.69
74,2.9,3211.62
74,3.0,3372.20
74,3.0,3540.81
74,3.1,3717.85
74,3.1,3903.75
74,3.1,4098.93
74,3.5,4303.88
74,3.6,4519.07
74,3.7,4745.03
74,3.8,4982.28
74,4.2,5231.39
74,5.2,5492.96
75,3.0,346.05
75,3.0,363.36
75,3.0,381.52
75,3.0,400.60
75,3.0,420.63
75,3.1,441.66
75,3.1,463.74
75,3.9,486.93
75,4.3,511.28
75,5.3,536.84
75,5.4,563.68
75,6.3,591.87
75,6.3,621.46
75,6.4,652.53
75,7.7,685.16
75,8.4,719.42
75,8.6,755.39
75,9.2,793.16
75,9.5,832.82
75,9.6,874.46
75,10.2,918.18
75,10.3,964.09
75,11.4,1012.29
75,59.8,1062.91
76,1.2,1654.82
76,2.1,1737.57
76,3.4,1824.44
76,4.3,1915.67
76,4.7,2011.45
76,5.0,2112.02
76,5.1,2217.62
76,5.1,2328.50
76,5.4,2444.93
76,6.2,2567.18
76,8.2,2695.53
76,9.3,2830.31
76,10.2,2971.83
77,1.5,2026.05
77,3.6,2127.35
77,4.0,2233.72
77,4.1,2345.40
77,4.6,2462.67
77,4.9,2585.81
77,6.0,2715.10
77,7.3,2850.85
78,1.4,806.45
78,2.6,846.77
78,2.9,889.11
78,3.0,933.57
78,3.0,980.24
78,3.1,1029.26
78,4.9,1080.72
78,5.1,1134.75
78,5.2,1191.49
78,5.5,1251.07
78,6.2,1313.62
78,6.2,1379.30
78,6.2,1448.27
78,6.2,1520.68
78,6.3,1596.71
78,6.4,1676.55
78,6.6,1760.38
78,7.3,1848.40
78,7.5,1940.82
78,8.7,2037.86
79,1.0,783.66
79,1.2,822.84
79,2.1,863.98
79,2.9,907.18
79,3.1,952.54
79,3.9,1000.17
79,4.0,1050.18
79,4.0,1102.68
79,4.0,1157.82
79,4.1,1215.71
79,4.1,1276.50
79,4.1,1340.32
79,4.1,1407.34
79,4.2,1477.70
79,4.6,1551.59
79,5.2,1629.17
80,0.1,274.62
80,0.4,288.35
80,0.6,302.76
80,0.9,317.90
80,1.0,333.80
80,1.2,350.49
80,1.6,368.01
80,2.1,386.41
80,2.2,405.73
80,2.4,426.02
80,2.6,447.32
80,2.9,469.69
80,3.3,493.17
80,3.4,517.83
80,3.6,543.72
80,3.9,570.91
80,4.4,599.45
80,4.8,629.42
80,5.1,660.89
80,5.5,693.94
80,5.8,728.64
80,6.1,765.07
80,6.3,803.32
80,6.6,843.49
80,6.9,885.66
80,7.7,929.94
80,8.0,976.44
80,8.3,1025.26
80,8.8,1076.53
80,9.1,1130.35
80,9.6,1186.87
80,9.9,1246.21
80,10.2,1308.53
80,10.4,1373.95
80,10.8,1442.65
80,11.4,1514.78
80,11.6,1590.52
80,11.9,1670.05
81,1.3,1227.18
81,2.8,1288.54
81,3.5,1352.96
81,3.8,1420.61
81,4.1,1491.64
81,4.2,1566.22
81,5.3,1644.53
81,6.6,1726.76
81,7.4,1813.10
81,7.4,1903.75
81,8.0,1998.94
81,8.1,2098.89
81,8.3,2203.83
81,8.4,2314.03
81,9.4,2429.73
81,10.5,2551.21
82,1.6,340.88
82,3.2,357.92
82,3.9,375.82
82,4.0,394.61
82,4.1,414.34
82,4.2,435.05
82,6.2,456.81
82,6.3,479.65
82,6.5,503.63
82,6.7,528.81
82,7.1,555.25
82,8.1,583.01
82,8.2,612.16
83,1.1,1885.06
83,2.3,1979.32
83,3.0,2078.28
83,3.0,2182.20
83,3.1,2291.31
83,3.2,2405.87
83,3.6,2526.17
83,3.9,2652.48
83,3.9,2785.10
83,4.0,2924.35
83,4.0,3070.57
83,4.1,3224.10
83,4.1,3385.31
83,4.2,3554.57
83,4.5,3732.30
83,4.6,3918.91
83,5.2,4114.86
83,5.5,4320.60
83,6.8,4536.63
83,7.0,4763.46
83,8.0,5001.64
84,1.3,3314.11
84,4.2,3479.82
84,4.9,3653.81
84,5.1,3836.50
84,5.2,4028.32
84,5.5,4229.74
84,6.1,4441.23
84,6.1,4663.29
84,6.1,4896.45
84,6.2,5141.27
84,6.2,5398.34
84,6.3,5668.25
84,7.0,5951.67
84,7.0,6249.25
84,8.7,6561.71
84,9.0,6889.80
84,9.2,7234.29
84,9.6,7596.00
84,10.7,7975.80
84,11.8,8374.59
85,1.4,1198.03
85,2.0,1257.93
85,2.0,1320.82
85,2.0,1386.86
85,3.3,1456.21
85,3.6,1529.02
85,4.1,1605.47
85,4.1,1685.74
85,5.6,1770.03
85,6.1,1858.53
85,6.2,1951.46
85,6.2,2049.03
85,6.2,2151.48
85,7.0,2259.05
85,7.1,2372.01
85,7.2,2490.61
86,1.5,2584.69
86,2.6,2713.93
86,2.8,2849.62
86,3.0,2992.10
86,3.1,3141.71
86,4.3,3298.79
86,6.0,3463.73
86,6.2,3636.92
86,6.3,3818.77
86,6.3,4009.70
86,7.3,4210.19
86,8.1,4420.70
86,8.2,4641.73
87,1.0,569.08
87,2.3,597.53
87,2.7,627.41
87,3.0,658.78
87,3.0,691.72
87,3.1,726.30
87,3.1,762.62
87,4.1,800.75
87,4.2,840.79
87,4.8,882.82
87,5.3,926.97
87,6.1,973.31
87,6.2,1021.98
87,6.2,1073.08
87,6.3,1126.73
88,1.0,303.79
88,1.6,318.98
88,2.5,334.93
88,4.0,351.67
88,4.1,369.26
88,4.2,387.72
88,4.2,407.10
88,4.9,427.46
88,5.0,448.83
88,5.0,471.27
88,5.1,494.84
88,5.1,519.58
88,7.1,545.56
88,7.3,572.84
88,8.7,601.48
88,8.7,631.55
88,8.8,663.13
88,8.9,696.29
88,10.5,731.10
88,10.5,767.66
88,10.8,806.04
88,10.9,846.34
88,11.7,888.66
89,1.0,1342.83
89,1.1,1409.98
89,2.2,1480.48
89,3.3,1554.50
89,3.9,1632.22
89,4.1,1713.84
89,4.1,1799.53
89,4.2,1889.50
89,6.4,1983.98
89,6.5,2083.18
89,6.5,2187.34
89,7.2,2296.70
90,1.0,1208.71
90,1.0,1269.14
90,1.1,1332.60
90,2.0,1399.23
90,2.1,1469.19
90,3.6,1542.65
90,4.5,1619.78
90,4.7,1700.77
90,5.4,1785.81
90,6.4,1875.10
90,6.6,1968.86
90,7.0,2067.30
90,7.0,2170.66
90,7.1,2279.20
90,7.3,2393.16
90,7.3,2512.82
90,7.4,2638.46
90,7.5,2770.38
90,8.4,2908.90
90,8.5,3054.34
90,9.4,3207.06
90,9.6,3367.41
91,1.2,671.91
91,2.8,705.50
91,3.5,740.78
91,4.4,777.82
91,4.4,816.71
91,4.6,857.54
91,5.0,900.42
91,5.5,945.44
91,6.1,992.71
91,6.2,1042.35
91,6.2,1094.47
91,6.2,1149.19
91,6.2,1206.65
91,6.3,1266.98
91,6.3,1330.33
91,6.6,1396.85
91,6.7,1466.69
91,7.0,1540.02
91,7.3,1617.02
92,1.1,637.98
92,2.1,669.88
92,3.2,703.38
92,3.6,738.54
92,4.5,775.47
92,4.8,814.24
92,4.8,854.96
92,5.1,897.70
92,5.1,942.59
92,5.2,989.72
92,5.7,1039.21
92,6.1,1091.17
92,6.1,1145.72
92,6.2,1203.01
92,8.4,1263.16
92,9.2,1326.32
92,10.2,1392.63
92,11.2,1462.27
92,12.3,1535.38
93,1.4,397.82
93,2.0,417.71
93,2.0,438.59
93,2.1,460.52
93,3.3,483.55
93,3.7,507.72
93,4.7,533.11
93,5.0,559.77
93,5.1,587.76
93,5.3,617.14
93,7.0,648.00
93,7.0,680.40
93,7.2,714.42
94,0.3,120.31
94,0.7,126.32
94,0.9,132.64
94,1.6,139.27
94,1.7,146.24
94,2.0,153.55
94,2.1,161.23
94,2.1,169.29
94,2.5,177.75
94,2.7,186.64
94,3.5,195.97
94,3.8,205.77
94,4.1,216.06
94,4.3,226.86
94,4.6,238.20
94,5.1,250.11
94,5.3,262.62
94,5.5,275.75
94,5.7,289.54
94,6.0,304.02
94,6.5,319.22
94,6.6,335.18
94,6.8,351.94
94,7.0,369.53
94,7.4,388.01
94,7.7,407.41
94,7.9,427.78
94,8.2,449.17
94,8.6,471.63
94,9.0,495.21
94,9.1,519.97
94,9.6,545.97
94,10.0,573.27
94,10.2,601.93
94,10.6,632.03
94,10.8,663.63
94,11.1,696.81
94,11.5,731.65
95,1.6,938.97
95,3.5,985.92
95,4.1,1035.21
95,4.1,1086.97
95,4.2,1141.32
95,4.6,1198.39
95,5.6,1258.31
95,6.3,1321.22
95,6.5,1387.28
95,6.5,1456.65
95,6.9,1529.48
95,7.0,1605.96
95,7.2,1686.25
95,7.2,1770.57
95,7.3,1859.09
95,8.4,1952.05
95,9.5,2049.65
95,10.6,2152.13
95,11.7,2259.74
95,12.8,2372.73
96,0.3,161.59
96,0.5,169.67
96,0.9,178.16
96,1.5,187.06
96,1.6,196.42
96,1.7,206.24
96,1.9,216.55
96,2.2,227.38
96,2.4,238.75
96,3.0,250.68
96,3.3,263.22
96,3.4,276.38
96,3.6,290.20
96,3.9,304.71
96,4.2,319.94
96,4.3,335.94
96,4.6,352.74
96,5.2,370.37
96,5.6,388.89
96,6.0,408.34
96,6.1,428.75
96,6.3,450.19
96,6.5,472.70
96,6.8,496.34
96,7.1,521.15
96,7.3,547.21
96,7.5,574.57
96,7.7,603.30
96,8.0,633.46
96,8.1,665.14
96,8.6,698.39
96,8.8,733.31
96,9.2,769.98
96,9.4,808.48
96,9.6,848.90
96,10.1,891.35
96,10.4,935.92
96,10.7,982.71
96,10.9,1031.85
96,11.2,1083.44
96,11.6,1137.61
96,12.0,1194.49
96,12.2,1254.22
96,12.4,1316.93
96,12.6,1382.77
96,12.8,1451.91
96,13.0,1524.51
96,13.1,1600.73
96,13.5,1680.77
96,14.1,1764.81
96,14.5,1853.05
96,14.9,1945.70
96,15.0,2042.99
96,15.4,2145.14
96,15.6,2252.39
96,15.9,2365.01
97,1.6,16.66
97,2.5,17.50
97,2.7,18.37
97,3.0,19.29
97,3.0,20.26
97,3.1,21.27
97,3.1,22.33
97,4.9,23.45
97,5.0,24.62
97,5.1,25.85
97,5.1,27.15
97,5.2,28.50
97,6.4,29.93
98,2.2,897.97
98,3.0,942.87
98,3.0,990.01
98,3.1,1039.51
98,3.1,1091.49
98,3.4,1146.06
98,3.6,1203.36
98,3.9,1263.53
98,4.0,1326.71
98,4.1,1393.04
98,4.3,1462.70
98,4.4,1535.83
98,4.7,1612.62
98,5.0,1693.25
98,5.3,1777.92
99,0.0,28.14
99,1.1,29.55
99,2.1,31.02
99,3.3,32.57
99,3.6,34.20
99,4.1,35.91
99,4.2,37.71
99,4.3,39.59
99,4.7,41.57
99,5.3,43.65
99,5.5,45.84
99,5.9,48.13
99,6.0,50.53
99,6.1,53.06
99,7.5,55.71
99,8.0,58.50
99,8.4,61.42
99,9.0,64.49
99,10.1,67.72
99,59.8,71.11
100,1.1,1640.36
100,2.0,1722.38
100,2.0,1808.50
100,3.8,1898.92
100,4.1,1993.87
100,7.1,2093.56
100,8.3,2198.24
100,8.5,2308.15
100,9.0,2423.56
100,9.2,2544.73
100,9.5,2671.97
100,9.5,2805.57
100,9.7,2945.85
100,10.1,3093.14
100,10.1,3247.80
100,11.2,3410.19
100,11.6,3580.70
101,1.6,666.91
101,2.1,700.26
101,6.4,735.27
101,8.7,772.03
101,9.0,810.63
101,12.6,851.17
101,12.7,893.72
101,13.4,938.41
102,1.0,17.22
102,1.7,18.08
102,2.4,18.98
102,3.1,19.93
102,3.6,20.93
102,3.7,21.97
102,4.4,23.07
102,4.5,24.22
102,4.9,25.44
102,5.9,26.71
102,8.4,28.04
102,8.5,29.44
102,8.5,30.92
102,8.7,32.46
102,9.7,34.09
102,10.2,35.79
102,10.4,37.58
102,10.6,39.46
102,10.7,41.43
102,11.8,43.50
103,0.1,60.91
103,1.5,63.96
103,2.9,67.16
103,3.0,70.52
103,3.0,74.04
103,3.0,77.74
103,3.1,81.63
103,4.0,85.71
103,4.1,90.00
103,4.1,94.50
103,4.1,99.22
103,4.2,104.18
103,4.2,109.39
103,4.3,114.86
103,5.0,120.61
103,5.2,126.64
103,5.5,132.97
103,6.6,139.62
103,7.4,146.60
103,8.2,153.93
103,8.2,161.62
103,8.3,169.70
103,8.6,178.19
103,9.3,187.10
103,9.3,196.45
103,10.1,206.28
104,1.8,138.05
104,2.0,144.96
104,2.0,152.21
104,2.8,159.82
104,3.4,167.81
104,3.8,176.20
104,4.9,185.01
104,5.0,194.26
104,5.1,203.97
104,5.2,214.17
104,5.3,224.88
104,6.1,236.12
104,6.2,247.93
104,6.2,260.32
104,6.2,273.34
104,6.3,287.01
104,6.4,301.36
104,6.5,316.42
104,6.5,332.24
104,7.1,348.86
104,7.6,366.30
104,7.9,384.61
104,8.1,403.85
104,8.2,424.04
104,8.3,445.24
104,8.3,467.50
104,9.7,490.88
104,10.1,515.42
104,10.5,541.19
104,11.6,568.25
104,12.3,596.66
105,2.3,336.01
105,3.1,352.81
105,3.8,370.45
105,4.1,388.98
105,4.2,408.43
105,4.5,428.85
105,5.0,450.29
105,5.0,472.80
105,5.0,496.44
105,5.0,521.27
105,5.1,547.33
105,5.2,574.70
105,5.6,603.43
105,5.6,633.60
105,6.1,665.28
105,6.2,698.55
105,8.2,733.47
105,8.3,770.15
105,8.5,808.65
105,8.7,849.09
105,9.8,891.54
105,11.0,936.12
105,11.5,982.92
106,1.4,653.79
106,2.7,686.48
106,3.1,720.80
106,3.9,756.84
106,4.0,794.69
106,4.0,834.42
106,4.0,876.14
106,4.1,919.95
106,4.2,965.95
106,4.9,1014.24
106,5.0,1064.96
106,5.1,1118.20
106,5.1,1174.11
106,5.2,1232.82
106,5.2,1294.46
106,6.6,1359.18
106,7.9,1427.14
106,9.0,1498.50
106,10.4,1573.42
106,12.1,1652.10
107,1.4,392.93
107,2.3,412.57
107,3.1,433.20
107,3.1,454.86
107,3.1,477.60
107,3.1,501.48
107,5.4,526.56
107,6.6,552.89
107,6.7,580.53
107,6.7,609.56
107,7.3,640.03
107,8.0,672.04
107,8.1,705.64
107,8.4,740.92
107,8.4,777.97
107,9.0,816.86
107,10.5,857.71
107,10.8,900.59
107,11.2,945.62
107,11.3,992.90
107,11.5,1042.55
107,11.7,1094.68
107,12.1,1149.41
107,12.2,1206.88
107,12.3,1267.23
108,1.3,719.02
108,2.0,754.97
108,2.1,792.72
108,2.6,832.36
108,3.5,873.97
108,5.5,917.67
108,5.8,963.56
108,5.9,1011.73
108,6.0,1062.32
108,6.0,1115.44
108,6.1,1171.21
108,6.2,1229.77
108,6.2,1291.26
108,6.3,1355.82
108,7.5,1423.61
108,7.8,1494.79
108,8.1,1569.53
108,9.2,1648.01
108,10.1,1730.41
109,2.3,82.99
109,3.3,87.14
109,4.0,91.49
109,4.1,96.07
109,4.1,100.87
109,4.2,105.91
109,4.4,111.21
109,6.0,116.77
109,6.2,122.61
109,6.2,128.74
109,6.2,135.18
109,6.4,141.93
109,7.1,149.03
109,7.2,156.48
109,7.3,164.31
109,7.5,172.52
109,8.0,181.15
109,8.2,190.20
110,0.3,76.76
110,0.6,80.60
110,0.9,84.63
110,1.2,88.86
110,1.3,93.30
110,1.4,97.97
110,1.7,102.87
110,1.9,108.01
110,2.7,113.41
110,3.0,119.08
110,3.1,125.04
110,3.3,131.29
110,3.4,137.85
110,3.5,144.75
110,3.7,151.98
110,3.7,159.58
110,4.1,167.56
110,4.1,175.94
110,4.2,184.74
111,1.4,760.50
111,2.1,798.52
111,2.4,838.45
111,3.9,880.37
111,4.2,924.39
111,4.6,970.61
111,5.1,1019.14
111,5.1,1070.10
111,5.1,1123.60
111,5.1,1179.78
111,5.2,1238.77
111,5.2,1300.71
111,5.2,1365.75
111,5.8,1434.03
111,6.0,1505.73
111,6.1,1581.02
111,7.1,1660.07
111,7.3,1743.08
111,7.9,1830.23
112,1.0,3108.90
112,2.4,3264.35
112,3.3,3427.57
112,3.6,3598.94
112,3.8,3778.89
112,4.4,3967.84
112,4.7,4166.23
112,5.1,4374.54
112,5.2,4593.27
112,6.7,4822.93
112,7.2,5064.08
112,7.3,5317.28
113,1.1,1606.88
113,2.0,1687.22
113,2.1,1771.58
113,2.3,1860.16
113,3.0,1953.17
113,3.0,2050.83
113,3.1,2153.37
113,4.0,2261.04
113,4.1,2374.09
114,0.0,1038.86
114,0.3,1090.80
114,0.5,1145.34
114,0.6,1202.61
114,0.9,1262.74
114,1.1,1325.87
114,1.4,1392.17
114,1.8,1461.78
114,2.4,1534.87
114,2.6,1611.61
114,2.6,1692.19
114,2.8,1776.80
114,2.9,1865.64
114,3.0,1958.92
114,3.0,2056.87
114,3.3,2159.71
114,3.6,2267.70
114,3.7,2381.08
114,6.0,2500.13
115,1.0,167.07
115,2.5,175.42
115,2.8,184.19
115,2.9,193.40
115,3.1,203.07
115,3.9,213.23
115,4.0,223.89
115,4.1,235.08
115,4.2,246.84
115,5.2,259.18
115,5.3,272.14
115,6.6,285.75
115,6.6,300.03
115,7.9,315.04
115,8.4,330.79
115,9.0,347.33
115,9.3,364.69
115,9.5,382.93
115,59.8,402.07
116,1.5,514.56
116,1.9,540.29
116,2.2,567.31
116,2.5,595.67
116,4.9,625.46
116,5.0,656.73
116,5.1,689.56
116,5.1,724.04
116,5.2,760.24
116,6.7,798.26
116,9.9,838.17
116,10.2,880.08
116,10.7,924.08
116,11.8,970.29
116,12.4,1018.80
116,13.5,1069.74
116,14.6,1123.23
117,1.2,260.04
117,2.1,273.05
117,2.7,286.70
117,3.1,301.03
117,4.2,316.08
117,4.4,331.89
117,4.6,348.48
117,6.0,365.91
118,1.8,18.77
118,2.2,19.70
118,3.3,20.69
118,4.6,21.72
118,4.8,22.81
118,4.9,23.95
118,5.0,25.15
118,5.7,26.40
118,5.8,27.73
118,6.0,29.11
118,8.8,30.57
118,10.0,32.10
118,10.2,33.70
118,10.3,35.38
118,10.5,37.15
118,10.5,39.01
118,10.5,40.96
118,11.0,43.01
118,11.6,45.16
118,12.0,47.42
118,12.5,49.79
118,12.6,52.28
118,12.7,54.89
118,12.8,57.64
118,13.7,60.52
119,2.7,244.80
119,2.8,257.04
119,2.9,269.89
119,3.0,283.39
119,3.1,297.56
119,3.7,312.44
119,3.9,328.06
119,4.0,344.46
119,4.1,361.68
119,4.2,379.77
119,4.4,398.76
119,4.7,418.69
119,4.9,439.63
120,1.7,552.04
120,1.9,579.64
120,2.0,608.63
120,2.7,639.06
120,4.3,671.01
120,5.1,704.56
120,5.1,739.79
120,5.5,776.78
120,6.6,815.62
120,6.6,856.40
120,6.9,899.22
120,8.4,944.18
120,8.4,991.39
120,8.6,1040.96
120,9.6,1093.01
120,10.6,1147.66
120,11.3,1205.04
120,11.4,1265.29
120,11.9,1328.56
120,11.9,1394.98
120,12.8,1464.73
121,1.1,237.94
121,2.1,249.84
121,3.0,262.33
121,3.1,275.45
121,3.1,289.22
121,4.1,303.68
121,4.1,318.87
121,4.2,334.81
121,4.7,351.55
121,5.1,369.13
122,0.2,20.30
122,0.9,21.31
122,1.3,22.38
122,1.4,23.50
122,1.5,24.67
122,1.9,25.91
122,1.9,27.20
122,2.0,28.56
122,2.2,29.99
122,2.4,31.49
122,2.6,33.06
122,2.9,34.72
122,3.2,36.45
122,3.4,38.28
122,4.0,40.19
122,4.3,42.20
122,4.4,44.31
122,4.9,46.53
122,5.2,48.85
122,5.7,51.29
122,5.9,53.86
122,6.2,56.55
122,6.7,59.38
122,6.9,62.35
122,7.3,65.47
122,7.6,68.74
122,7.9,72.18
122,8.2,75.78
122,8.5,79.57
122,8.9,83.55
122,9.2,87.73
122,9.4,92.12
122,9.6,96.72
122,10.0,101.56
122,10.4,106.64
122,11.3,111.97
122,11.6,117.57
122,12.2,123.44
122,12.4,129.62
122,12.7,136.10
122,13.1,142.90
122,13.3,150.05
122,13.8,157.55
122,13.9,165.43
122,14.1,173.70
122,14.2,182.38
122,14.5,191.50
122,14.9,201.08
122,15.3,211.13
122,15.4,221.69
122,16.1,232.77
122,16.5,244.41
122,16.7,256.63
122,17.0,269.46
122,17.3,282.94
122,17.6,297.08
122,17.8,311.94
122,18.2,327.54
122,18.4,343.91
122,18.7,361.11
123,1.0,269.11
123,3.2,282.57
123,3.8,296.70
123,4.0,311.53
123,4.0,327.11
123,4.1,343.46
123,4.1,360.64
123,4.1,378.67
123,4.4,397.60
123,4.6,417.48
123,5.0,438.35
123,5.0,460.27
123,5.2,483.29
123,5.2,507.45
123,6.0,532.82
123,6.2,559.46
123,7.0,587.44
123,8.0,616.81
124,0.2,298.90
124,0.7,313.84
124,0.9,329.54
124,1.1,346.01
124,1.2,363.31
124,1.3,381.48
124,1.6,400.55
124,1.9,420.58
124,2.3,441.61
124,2.4,463.69
124,2.5,486.88
124,2.7,511.22
124,2.8,536.78
124,3.1,563.62
124,3.3,591.80
124,3.5,621.39
125,1.1,3850.92
125,2.1,4043.47
125,3.0,4245.64
125,3.1,4457.92
125,3.1,4680.82
125,3.9,4914.86
125,4.0,5160.60
125,4.0,5418.63
125,4.7,5689.56
125,5.0,5974.04
125,5.1,6272.74
125,5.4,6586.38
125,6.3,6915.70
125,7.3,7261.48
126,0.2,2624.75
126,0.6,2755.99
126,0.8,2893.79
126,1.1,3038.48
126,1.8,3190.40
126,2.0,3349.92
126,2.1,3517.42
126,2.2,3693.29
126,2.3,3877.95
126,2.4,4071.85
126,3.8,4275.44
126,3.9,4489.21
126,4.0,4713.67
126,4.0,4949.36
126,4.3,5196.83
126,5.7,5456.67
126,6.0,5729.50
126,6.1,6015.98
126,6.2,6316.77
126,6.3,6632.61
126,6.7,6964.24
126,6.8,7312.46
127,1.0,2528.77
127,1.9,2655.21
127,2.1,2787.97
127,3.4,2927.36
127,4.0,3073.73
127,4.1,3227.42
127,4.2,3388.79
127,4.5,3558.23
127,5.1,3736.14
127,5.2,3922.95
127,5.3,4119.10
127,5.4,4325.05
127,6.1,4541.30
127,6.3,4768.37
128,1.0,349.85
128,1.2,367.34
128,2.0,385.71
128,2.0,405.00
128,2.1,425.24
128,2.3,446.51
128,4.2,468.83
128,4.7,492.27
128,5.0,516.89
128,5.0,542.73
128,5.1,569.87
128,5.2,598.36
128,5.2,628.28
128,6.0,659.69
128,6.1,692.68
128,6.2,727.31
128,6.2,763.68
128,7.2,801.86
128,8.2,841.96
129,1.5,45.02
129,2.6,47.27
129,2.8,49.63
129,3.0,52.11
129,3.0,54.72
129,3.1,57.45
129,3.6,60.33
129,5.1,63.34
129,5.5,66.51
129,6.1,69.84
130,1.9,664.42
130,2.0,697.64
130,2.1,732.53
130,3.1,769.15
130,3.1,807.61
130,3.1,847.99
130,3.9,890.39
130,4.0,934.91
130,4.0,981.66
130,4.1,1030.74
130,4.2,1082.28
130,4.7,1136.39
130,4.8,1193.21
130,5.1,1252.87
130,7.1,1315.51
130,8.0,1381.29
131,1.6,715.27
131,2.0,751.03
131,2.0,788.59
131,2.0,828.02
131,2.2,869.42
131,2.8,912.89
131,4.2,958.53
131,6.4,1006.46
131,6.5,1056.78
131,6.8,1109.62
131,6.9,1165.10
131,7.3,1223.36
131,7.4,1284.52
131,7.7,1348.75
131,7.7,1416.19
131,8.2,1487.00
131,8.5,1561.35
131,8.9,1639.41
131,9.4,1721.38
131,9.5,1807.45
131,10.6,1897.83
132,1.7,260.81
132,2.8,273.85
132,2.9,287.55
132,3.0,301.92
132,3.0,317.02
132,3.2,332.87
132,4.7,349.51
132,5.1,366.99
132,5.3,385.34
132,5.7,404.61
132,6.1,424.84
132,6.2,446.08
132,6.8,468.38
132,7.0,491.80
132,7.0,516.39
132,7.1,542.21
132,7.2,569.32
132,7.2,597.79
132,7.4,627.68
132,7.7,659.06
133,1.5,4078.20
133,2.2,4282.11
133,3.2,4496.21
133,3.8,4721.02
133,4.0,4957.07
133,4.1,5204.93
133,4.2,5465.17
133,5.1,5738.43
133,5.2,6025.35
133,6.4,6326.62
133,7.4,6642.95
134,1.0,1110.12
134,2.4,1165.63
134,2.7,1223.91
134,4.1,1285.10
134,4.3,1349.36
134,4.6,1416.83
134,6.3,1487.67
134,6.3,1562.05
134,6.5,1640.15
134,7.3,1722.16
134,7.3,1808.27
134,7.4,1898.68
134,8.2,1993.62
134,9.4,2093.30
134,9.5,2197.96
134,10.9,2307.86
134,11.3,2423.26
134,11.6,2544.42
134,11.7,2671.64
134,12.8,2805.22
134,13.9,2945.48
135,0.0,198.99
135,1.1,208.94
135,2.1,219.38
135,3.2,230.35
135,3.7,241.87
135,4.4,253.96
135,5.3,266.66
135,5.9,280.00
135,8.9,294.00
135,9.2,308.70
135,9.5,324.13
135,9.8,340.34
135,10.7,357.35
135,10.9,375.22
135,11.1,393.98
135,11.5,413.68
135,11.6,434.36
135,12.2,456.08
135,12.3,478.89
135,12.9,502.83
135,13.0,527.97
135,13.1,554.37
135,13.3,582.09
135,13.5,611.20
135,13.6,641.75
135,13.8,673.84
135,14.2,707.53
135,14.7,742.91
136,2.2,205.50
136,3.2,215.77
136,4.6,226.56
136,5.2,237.89
136,5.3,249.78
136,5.4,262.27
136,5.9,275.38
136,5.9,289.15
136,6.0,303.61
136,6.2,318.79
136,6.2,334.73
136,6.2,351.47
136,7.1,369.04
136,7.1,387.49
136,7.1,406.87
136,7.2,427.21
136,7.8,448.57
136,8.2,471.00
136,9.8,494.55
137,1.6,1019.74
137,3.5,1070.73
137,3.6,1124.27
137,6.4,1180.48
137,6.6,1239.50
137,6.9,1301.48
137,7.0,1366.55
137,7.2,1434.88
137,7.3,1506.62
137,8.1,1581.96
137,8.2,1661.05
137,8.3,1744.11
137,9.3,1831.31
137,10.3,1922.88
138,0.3,313.73
138,0.5,329.42
138,0.6,345.89
138,0.9,363.18
138,1.5,381.34
138,1.6,400.41
138,1.9,420.43
138,2.8,441.45
138,3.2,463.52
138,3.4,486.70
138,3.5,511.03
138,3.7,536.59
138,4.1,563.42
138,4.1,591.59
138,4.1,621.17
138,4.1,652.22
138,4.3,684.84
138,4.9,719.08
138,5.0,755.03
138,5.1,792.78
138,5.2,832.42
138,5.4,874.04
138,5.6,917.74
138,8.5,963.63
138,8.5,1011.81
138,8.7,1062.40
138,10.2,1115.52
138,10.6,1171.30
138,10.9,1229.87
138,11.3,1291.36
138,11.6,1355.93
138,11.8,1423.72
138,12.0,1494.91
138,12.2,1569.66
138,12.4,1648.14
138,12.5,1730.55
138,12.7,1817.07
138,12.8,1907.93
139,0.1,276.36
139,1.1,290.18
139,2.1,304.68
139,2.6,319.92
139,3.9,335.91
139,4.2,352.71
139,4.3,370.35
139,4.5,388.86
139,5.1,408.31
139,5.1,428.72
139,6.1,450.16
139,6.8,472.66
139,7.0,496.30
139,7.1,521.11
139,7.2,547.17
139,7.2,574.53
139,7.3,603.25
139,8.0,633.42
139,8.8,665.09
140,1.9,384.23
140,2.5,403.44
140,3.6,423.61
140,3.7,444.79
140,4.0,467.03
140,4.0,490.38
140,4.1,514.90
140,4.1,540.64
140,4.1,567.68
140,4.4,596.06
140,4.6,625.86
140,5.7,657.16
140,5.9,690.01
140,6.2,724.51
140,6.3,760.74
140,7.1,798.78
140,8.2,838.72
141,1.2,1366.01
141,1.9,1434.31
141,3.7,1506.03
141,3.8,1581.33
141,3.9,1660.39
141,4.7,1743.41
141,4.7,1830.58
141,5.8,1922.11
141,6.6,2018.22
141,7.4,2119.13
141,7.6,2225.09
141,7.8,2336.34
141,7.9,2453.16
141,8.1,2575.82
141,8.8,2704.61
141,9.5,2839.84
141,10.5,2981.83
141,10.6,3130.92
141,10.7,3287.47
141,10.8,3451.84
141,11.6,3624.43
141,12.7,3805.65
142,0.2,828.44
142,0.4,869.87
142,0.5,913.36
142,0.8,959.03
142,1.2,1006.98
142,1.4,1057.33
142,1.7,1110.20
142,1.9,1165.71
142,2.4,1223.99
142,2.5,1285.19
142,2.8,1349.45
142,3.2,1416.92
142,3.6,1487.77
142,4.0,1562.16
142,4.3,1640.26
142,4.6,1722.28
142,4.9,1808.39
142,5.3,1898.81
142,5.5,1993.75
142,5.6,2093.44
142,5.8,2198.11
142,6.1,2308.02
142,6.5,2423.42
142,6.6,2544.59
142,6.9,2671.82
142,7.3,2805.41
142,7.6,2945.68
142,7.8,3092.96
142,8.0,3247.61
142,8.4,3409.99
142,8.8,3580.49
142,9.0,3759.52
143,1.3,503.06
143,2.5,528.22
143,2.9,554.63
143,3.1,582.36
143,4.2,611.48
143,4.6,642.05
143,4.7,674.15
143,5.0,707.86
143,5.1,743.25
143,5.2,780.42
143,6.6,819.44
143,7.3,860.41
143,7.8,903.43
143,7.9,948.60
143,8.3,996.03
143,8.6,1045.83
144,2.1,111.52
144,3.1,117.10
144,3.3,122.95
144,4.8,129.10
144,5.1,135.56
144,5.2,142.34
144,5.3,149.45
144,5.3,156.92
144,6.3,164.77
144,6.4,173.01
144,7.0,181.66
144,7.2,190.74
144,7.3,200.28
144,7.5,210.29
144,8.3,220.81
144,9.5,231.85
145,1.1,298.14
145,2.1,313.05
145,2.7,328.70
145,2.8,345.13
145,3.0,362.39
145,3.0,380.51
145,3.1,399.54
145,3.1,419.51
145,3.1,440.49
145,3.9,462.51
145,4.6,485.64
145,4.7,509.92
145,5.0,535.42
145,5.0,562.19
145,5.0,590.30
145,5.0,619.81
145,5.1,650.80
145,5.2,683.34
145,6.2,717.51
145,6.2,753.38
145,6.2,791.05
145,6.3,830.61
145,6.3,872.14
145,7.2,915.74
145,7.2,961.53
145,7.2,1009.61
145,7.3,1060.09
145,7.4,1113.09
145,9.2,1168.75
145,9.2,1227.18
145,9.3,1288.54
145,9.7,1352.97
145,10.0,1420.62
145,10.2,1491.65
145,10.7,1566.23
145,11.7,1644.54
146,1.3,587.66
146,2.2,617.05
146,3.2,647.90
146,3.8,680.29
146,4.0,714.31
146,4.0,750.02
146,4.3,787.52
146,4.5,826.90
146,4.7,868.25
146,5.5,911.66
146,5.7,957.24
146,5.8,1005.10
146,6.7,1055.36
146,7.3,1108.13
146,7.4,1163.53
146,7.5,1221.71
146,8.9,1282.79
146,9.3,1346.93
146,9.4,1414.28
146,10.2,1485.00
146,10.3,1559.25
146,10.6,1637.21
146,10.7,1719.07
146,11.8,1805.02
147,0.1,190.92
147,1.4,200.47
147,2.5,210.49
147,2.9,221.02
147,3.1,232.07
147,3.1,243.67
147,4.7,255.86
147,5.6,268.65
147,6.1,282.08
147,6.1,296.19
147,6.2,311.00
147,6.2,326.54
147,6.2,342.87
147,6.2,360.02
147,6.2,378.02
147,6.2,396.92
147,6.2,416.76
147,6.3,437.60
147,6.3,459.48
147,7.6,482.46
147,8.0,506.58
147,8.5,531.91
147,8.6,558.50
147,9.3,586.43
147,9.3,615.75
147,9.5,646.54
147,9.5,678.86
147,10.6,712.81
147,10.8,748.45
147,12.0,785.87
147,12.3,825.16
147,12.6,866.42
148,0.4,684.65
148,0.8,718.88
148,1.1,754.83
148,1.4,792.57
148,1.7,832.20
148,1.8,873.81
148,2.2,917.50
148,2.7,963.37
148,3.8,1011.54
148,3.9,1062.12
148,4.0,1115.22
148,4.1,1170.98
148,4.1,1229.53
148,4.1,1291.01
148,4.3,1355.56
148,4.9,1423.34
148,5.0,1494.50
148,5.1,1569.23
148,5.8,1647.69
148,6.0,1730.07
148,6.7,1816.58
148,7.2,1907.41
149,1.1,1441.72
149,2.7,1513.80
149,3.0,1589.49
149,3.0,1668.97
149,3.0,1752.42
149,3.1,1840.04
149,4.1,1932.04
149,4.1,2028.64
149,4.2,2130.07
149,4.7,2236.58
149,5.0,2348.40
149,5.1,2465.83
149,5.2,2589.12
149,5.5,2718.57
149,6.0,2854.50
150,2.5,2313.20
150,3.0,2428.86
150,3.2,2550.31
150,3.6,2677.82
150,4.2,2811.71
150,4.4,2952.30
150,4.6,3099.91
150,4.7,3254.91
150,5.2,3417.65
150,5.2,3588.54
150,5.4,3767.96
150,6.1,3956.36
150,6.1,4154.18
150,6.7,4361.89
150,7.6,4579.98
151,1.3,143.41
151,2.2,150.58
151,2.6,158.11
151,4.9,166.02
151,5.4,174.32
151,6.2,183.03
151,6.2,192.18
151,6.3,201.79
151,7.5,211.88
151,8.2,222.48
151,9.3,233.60
152,1.7,240.82
152,2.6,252.86
152,3.8,265.51
152,4.0,278.78
152,4.1,292.72
152,4.8,307.36
152,5.0,322.73
152,5.1,338.86
152,5.2,355.81
152,6.7,373.60
152,7.2,392.28
153,1.5,1189.92
153,2.2,1249.41
153,2.7,1311.88
153,2.8,1377.48
153,3.0,1446.35
153,3.1,1518.67
153,3.1,1594.60
153,3.6,1674.33
153,3.7,1758.05
153,3.9,1845.95
153,4.0,1938.25
153,4.0,2035.16
153,4.1,2136.92
153,4.2,2243.76
153,4.4,2355.95
153,5.2,2473.75
153,6.4,2597.44
153,7.4,2727.31
154,0.3,592.13
154,0.4,621.74
154,0.7,652.83
154,1.0,685.47
154,1.1,719.74
154,1.2,755.73
154,1.5,793.52
154,2.0,833.19
154,2.3,874.85
154,2.6,918.60
154,2.8,964.53
154,3.3,1012.75
154,3.7,1063.39
154,4.2,1116.56
154,4.4,1172.39
154,4.7,1231.01
154,4.9,1292.56
154,5.4,1357.18
154,5.8,1425.04
154,5.9,1496.30
154,6.1,1571.11
154,6.2,1649.67
154,6.3,1732.15
154,6.6,1818.76
154,6.9,1909.69
154,7.1,2005.18
154,7.5,2105.44
154,7.8,2210.71
154,7.9,2321.25
154,8.1,2437.31
154,8.2,2559.17
154,8.4,2687.13
155,2.4,1574.19
155,3.0,1652.90
155,3.1,1735.54
155,3.6,1822.32
155,3.8,1913.44
155,4.2,2009.11
155,59.8,2109.56
156,1.1,1246.75
156,2.3,1309.09
156,2.9,1374.54
156,3.1,1443.27
156,3.1,1515.43
156,3.1,1591.20
156,3.7,1670.76
156,3.9,1754.30
156,4.0,1842.01
156,4.0,1934.12
156,4.1,2030.82
156,4.1,2132.36
156,4.2,2238.98
156,4.8,2350.93
156,4.9,2468.48
156,5.0,2591.90
156,5.1,2721.49
156,5.1,2857.57
156,5.1,3000.45
156,5.1,3150.47
156,5.3,3307.99
156,7.1,3473.39
156,7.2,3647.06
156,7.2,3829.42
156,8.0,4020.89
156,8.2,4221.93
156,9.3,4433.03
157,1.8,3159.22
157,2.0,3317.18
157,2.0,3483.04
157,2.0,3657.19
157,3.2,3840.05
157,3.8,4032.05
157,4.5,4233.66
157,5.6,4445.34
157,5.9,4667.60
157,6.0,4900.99
157,6.0,5146.03
157,6.5,5403.34
157,6.6,5673.50
157,7.0,5957.18
157,7.1,6255.04
157,7.1,6567.79
157,7.3,6896.18
157,7.4,7240.99
157,7.4,7603.04
157,8.4,7983.19
157,9.2,8382.35
157,10.3,8801.47
157,11.7,9241.54
158,1.1,1294.00
158,3.5,1358.70
158,3.6,1426.64
158,3.7,1497.97
158,5.1,1572.87
158,5.1,1651.51
158,5.3,1734.09
158,6.2,1820.79
158,6.2,1911.83
158,6.2,2007.42
158,6.2,2107.79
158,6.3,2213.18
158,7.4,2323.84
158,8.4,2440.03
158,9.4,2562.04
159,1.2,1169.44
159,2.2,1227.91
159,2.8,1289.31
159,3.0,1353.77
159,3.1,1421.46
159,4.1,1492.53
159,4.1,1567.16
160,1.3,2602.72
160,2.1,2732.86
160,2.6,2869.50
160,3.1,3012.98
160,3.7,3163.63
160,3.9,3321.81
160,4.1,3487.90
160,4.1,3662.29
160,4.9,3845.41
160,5.3,4037.68
160,6.3,4239.56
161,1.2,381.32
161,2.0,400.38
161,2.0,420.40
161,4.2,441.42
161,4.6,463.50
161,6.2,486.67
161,6.2,511.00
161,6.6,536.55
161,6.8,563.38
161,7.3,591.55
161,8.1,621.13
161,8.1,652.18
161,8.2,684.79
161,8.3,719.03
161,8.4,754.98
161,8.9,792.73
161,9.7,832.37
161,10.9,873.99
162,1.3,286.12
162,1.9,300.42
162,2.0,315.44
162,2.8,331.21
162,2.8,347.78
162,2.9,365.16
162,3.0,383.42
162,3.0,402.59
162,3.0,422.72
162,3.0,443.86
162,3.1,466.05
162,3.9,489.35
162,4.0,513.82
162,5.0,539.51
162,6.0,566.49
163,1.1,804.58
163,2.3,844.81
163,4.8,887.05
163,5.6,931.40
163,5.9,977.97
163,6.5,1026.87
163,6.8,1078.21
163,7.0,1132.13
163,7.4,1188.73
163,7.6,1248.17
163,8.0,1310.58
163,8.0,1376.11
163,8.7,1444.91
163,10.4,1517.16
163,11.0,1593.01
163,11.7,1672.67
163,11.8,1756.30
163,12.6,1844.11
163,13.0,1936.32
163,14.0,2033.14
163,59.8,2134.79
164,1.2,1966.62
164,2.5,2064.96
164,4.2,2168.20
164,5.2,2276.61
164,5.4,2390.44
164,5.4,2509.97
164,6.4,2635.46
164,8.1,2767.24
164,8.6,2905.60
164,9.0,3050.88
164,9.1,3203.42
164,9.5,3363.59
164,10.5,3531.77
164,10.6,3708.36
164,10.6,3893.78
164,10.8,4088.47
164,11.0,4292.89
164,11.7,4507.54
165,1.0,59.72
165,2.0,62.70
165,2.0,65.84
165,2.1,69.13
165,3.1,72.59
165,3.7,76.21
165,3.9,80.03
165,4.1,84.03
165,4.2,88.23
165,4.6,92.64
165,4.9,97.27
165,5.0,102.13
165,5.1,107.24
165,5.1,112.60
165,5.1,118.23
165,7.0,124.15
166,1.1,88.02
166,2.5,92.42
166,3.5,97.04
166,4.6,101.89
166,5.3,106.99
166,5.4,112.33
166,6.4,117.95
166,6.5,123.85
166,6.6,130.04
166,6.8,136.54
166,7.2,143.37
166,7.9,150.54
166,8.2,158.07
166,8.2,165.97
166,8.8,174.27
166,9.0,182.98
166,9.2,192.13
166,10.3,201.74
166,60.0,211.82
167,2.3,3089.93
167,3.2,3244.43
167,3.8,3406.65
167,4.0,3576.98
167,4.1,3755.83
167,4.1,3943.63
167,4.8,4140.81
167,5.1,4347.85
167,5.8,4565.24
167,7.2,4793.50
167,8.4,5033.18
168,1.4,47.52
168,2.1,49.90
168,2.8,52.39
168,2.9,55.01
168,3.1,57.76
168,4.1,60.65
168,4.1,63.68
168,6.6,66.87
168,7.1,70.21
168,7.3,73.72
168,8.4,77.41
168,9.2,81.28
169,1.2,1579.65
169,1.9,1658.63
169,3.0,1741.56
169,3.0,1828.64
169,3.1,1920.07
169,3.9,2016.07
169,5.2,2116.88
169,6.6,2222.72
169,8.1,2333.86
169,8.1,2450.55
169,8.7,2573.08
169,9.7,2701.73
170,1.1,1298.77
170,2.0,1363.71
170,3.1,1431.89
170,3.8,1503.49
170,4.2,1578.66
170,5.1,1657.59
170,6.1,1740.47
170,6.1,1827.50
170,7.1,1918.87
170,8.1,2014.82
170,9.1,2115.56
171,0.0,222.33
171,1.4,233.44
171,2.5,245.11
171,2.8,257.37
171,2.9,270.24
171,3.0,283.75
171,3.1,297.94
171,3.2,312.83
171,3.6,328.48
171,4.3,344.90
171,5.2,362.14
171,5.7,380.25
171,6.8,399.26
171,7.2,419.23
171,8.3,440.19
171,9.4,462.20
171,59.8,485.31
172,1.5,313.35
172,2.0,329.01
172,2.1,345.46
172,2.7,362.74
172,2.8,380.87
172,4.0,399.92
172,4.1,419.91
172,4.2,440.91
172,4.3,462.95
172,4.4,486.10
172,4.5,510.41
172,4.7,535.93
172,5.1,562.72
172,5.2,590.86
172,5.8,620.40
172,6.1,651.42
172,6.1,683.99
172,6.3,718.19
173,1.8,5.38
173,2.0,5.65
173,2.8,5.93
173,3.3,6.23
173,3.6,6.54
173,3.7,6.87
173,4.0,7.21
173,5.0,7.57
173,5.0,7.95
173,6.0,8.35
174,1.6,864.38
174,2.7,907.59
174,4.5,952.97
174,4.6,1000.62
174,5.1,1050.65
174,5.7,1103.19
174,6.0,1158.35
174,6.1,1216.26
174,6.2,1277.08
174,6.4,1340.93
174,7.0,1407.98
175,1.0,541.81
175,1.1,568.90
175,3.5,597.35
175,3.6,627.22
175,4.2,658.58
175,4.4,691.50
175,6.2,726.08
175,6.2,762.38
175,6.2,800.50
175,6.8,840.53
175,7.3,882.55
175,8.3,926.68
175,9.6,973.02
175,10.6,1021.67
176,2.6,589.31
176,2.8,618.78
176,2.9,649.72
176,3.0,682.20
176,3.0,716.31
176,3.0,752.13
176,3.1,789.73
176,3.8,829.22
176,5.9,870.68
176,6.1,914.22
176,6.1,959.93
176,6.2,1007.92
176,6.3,1058.32
176,6.4,1111.24
176,6.5,1166.80
176,6.5,1225.14
176,8.1,1286.39
176,8.2,1350.71
176,10.2,1418.25
176,10.4,1489.16
176,10.7,1563.62
176,11.1,1641.80
177,1.4,221.30
177,1.9,232.36
177,2.9,243.98
177,3.0,256.18
177,3.0,268.99
177,3.0,282.43
177,3.1,296.56
177,3.2,311.38
177,3.8,326.95
177,3.9,343.30
177,4.0,360.47
177,4.1,378.49
177,5.0,397.41
178,1.3,1194.46
178,2.7,1254.18
178,3.3,1316.89
178,3.8,1382.73
178,4.0,1451.87
178,4.0,1524.46
178,4.1,1600.69
178,4.1,1680.72
178,4.1,1764.76
178,4.2,1852.99
178,5.7,1945.64
178,7.1,2042.92
178,7.3,2145.07
178,7.4,2252.32
178,7.4,2364.94
178,8.5,2483.19
178,8.8,2607.35
178,9.8,2737.71
178,10.8,2874.60
178,11.2,3018.33
178,11.4,3169.25
178,11.9,3327.71
179,2.0,367.33
179,2.0,385.69
179,2.1,404.98
179,4.4,425.23
179,5.1,446.49
179,5.1,468.81
179,5.2,492.26
179,6.2,516.87
179,59.8,542.71
180,1.1,1828.39
180,2.1,1919.81
180,3.0,2015.80
180,3.2,2116.59
180,4.7,2222.42
180,4.9,2333.54
180,5.1,2450.21
180,6.1,2572.72
181,1.8,475.82
181,2.7,499.61
181,3.7,524.59
181,4.8,550.82
181,5.5,578.37
181,5.7,607.28
181,5.8,637.65
181,7.1,669.53
181,7.6,703.01
181,7.8,738.16
181,8.4,775.07
181,8.4,813.82
181,8.5,854.51
181,9.0,897.24
181,10.2,942.10
181,10.5,989.20
181,10.5,1038.66
181,10.6,1090.59
181,10.6,1145.12
181,12.1,1202.38
181,12.6,1262.50
181,12.6,1325.62
181,12.7,1391.91
181,12.8,1461.50
181,12.9,1534.58
181,12.9,1611.31
181,13.0,1691.87
181,13.1,1776.46
181,13.4,1865.29
181,13.8,1958.55
181,14.0,2056.48
181,15.0,2159.30
182,2.0,3464.63
182,4.2,3637.86
182,4.4,3819.75
182,6.2,4010.74
182,6.2,4211.28
182,6.2,4421.84
182,6.3,4642.93
182,7.0,4875.08
182,7.2,5118.83
182,7.3,5374.77
182,7.5,5643.51
182,8.3,5925.69
182,8.3,6221.97
183,1.1,1209.57
183,2.0,1270.05
183,2.0,1333.55
183,2.0,1400.23
183,2.1,1470.24
183,2.8,1543.75
183,4.3,1620.94
183,4.5,1701.98
183,5.2,1787.08
183,6.3,1876.44
183,7.0,1970.26
183,7.3,2068.77
183,7.3,2172.21
183,8.1,2280.82
183,9.0,2394.86
184,0.1,1561.44
184,0.5,1639.51
184,1.0,1721.49
184,1.3,1807.56
184,1.5,1897.94
184,1.6,1992.84
184,2.1,2092.48
184,2.1,2197.10
184,2.3,2306.96
184,2.5,2422.30
184,2.8,2543.42
184,3.0,2670.59
184,3.1,2804.12
184,4.9,2944.33
184,5.2,3091.54
184,5.3,3246.12
184,6.4,3408.43
184,7.5,3578.85
185,1.8,1798.37
185,2.2,1888.28
185,2.9,1982.70
185,3.0,2081.83
185,3.1,2185.92
185,4.9,2295.22
185,5.0,2409.98
185,5.1,2530.48
185,6.1,2657.01
185,7.1,2789.86
186,2.5,3405.08
186,3.3,3575.33
186,3.9,3754.10
186,4.1,3941.80
186,4.3,4138.89
186,4.6,4345.83
186,5.5,4563.13
186,7.7,4791.28
187,1.1,321.05
187,2.8,337.10
187,3.7,353.96
187,3.9,371.66
187,4.0,390.24
187,4.0,409.75
187,4.0,430.24
187,4.1,451.75
187,4.1,474.34
187,4.2,498.06
187,4.8,522.96
187,5.0,549.11
187,5.1,576.56
187,5.2,605.39
187,5.7,635.66
187,6.7,667.44
187,8.8,700.82
187,9.6,735.86
187,10.9,772.65
188,2.7,181.85
188,3.1,190.94
188,4.5,200.48
188,4.9,210.51
188,4.9,221.03
188,5.0,232.09
188,5.0,243.69
188,5.1,255.87
188,5.2,268.67
188,6.4,282.10
188,6.5,296.21
188,7.0,311.02
188,7.0,326.57
188,7.1,342.90
188,7.1,360.04
188,7.2,378.04
188,9.7,396.95
188,10.2,416.79
189,1.2,1002.66
189,2.4,1052.79
189,3.1,1105.43
189,3.4,1160.70
189,3.6,1218.74
189,3.9,1279.68
189,4.0,1343.66
189,4.7,1410.84
189,5.0,1481.38
189,5.1,1555.45
189,5.2,1633.23
189,5.5,1714.89
189,6.9,1800.63
189,7.1,1890.66
189,7.1,1985.20
189,7.8,2084.46
189,8.2,2188.68
189,9.3,2298.11
190,1.0,1851.48
190,1.9,1944.05
190,2.0,2041.25
190,2.0,2143.32
190,2.0,2250.48
190,2.8,2363.01
190,3.3,2481.16
190,4.4,2605.22
190,4.7,2735.48
190,5.0,2872.25
190,5.0,3015.86
190,5.1,3166.66
190,5.7,3324.99
190,5.9,3491.24
190,6.2,3665.80
190,6.2,3849.09
190,6.3,4041.54
190,6.9,4243.62
190,7.6,4455.80
190,8.3,4678.59
190,8.3,4912.52
191,1.1,301.19
191,2.8,316.25
191,3.7,332.06
191,3.9,348.66
191,4.0,366.10
191,4.1,384.40
191,4.2,403.62
191,5.0,423.80
191,5.0,444.99
191,5.1,467.24
191,5.2,490.61
191,5.3,515.14
191,5.7,540.89
191,6.0,567.94
191,6.1,596.33
191,6.2,626.15
192,0.3,138.76
192,0.7,145.70
192,0.8,152.98
192,1.6,160.63
192,1.8,168.66
192,1.9,177.09
192,2.3,185.95
192,2.4,195.25
192,2.7,205.01
192,2.8,215.26
192,2.9,226.02
192,3.6,237.32
192,3.7,249.19
192,3.8,261.65
192,4.1,274.73
192,4.6,288.47
192,4.8,302.89
192,5.1,318.04
192,5.4,333.94
192,5.6,350.63
192,5.8,368.17
192,6.1,386.57
192,6.5,405.90
192,6.8,426.20
192,6.9,447.51
192,7.3,469.88
192,7.5,493.38
192,8.2,518.05
192,8.5,543.95
192,9.0,571.15
192,9.4,599.70
192,9.7,629.69
193,2.0,41.73
193,2.5,43.82
193,2.8,46.01
193,2.8,48.31
193,2.8,50.73
193,3.2,53.26
193,3.7,55.93
193,4.0,58.72
193,4.1,61.66
193,4.2,64.74
193,5.2,67.98
193,6.1,71.38
193,6.2,74.95
194,1.1,414.86
194,2.5,435.61
194,2.8,457.39
194,2.9,480.26
194,3.1,504.27
194,4.9,529.48
194,7.0,555.96
194,7.1,583.75
194,9.1,612.94
194,9.2,643.59
194,9.6,675.77
194,9.6,709.56
194,10.5,745.03
194,10.5,782.29
194,10.6,821.40
194,11.2,862.47
194,12.0,905.59
194,12.6,950.87
194,13.7,998.42
195,1.4,3312.30
195,2.1,3477.92
195,2.9,3651.81
195,3.0,3834.40
195,3.0,4026.12
195,3.1,4227.43
195,4.3,4438.80
195,5.0,4660.74
195,5.1,4893.78
195,5.1,5138.47
195,5.8,5395.39
196,1.0,543.99
196,2.1,571.19
196,3.0,599.75
196,3.2,629.74
196,5.2,661.22
196,5.8,694.29
196,6.1,729.00
197,2.3,2184.22
197,3.2,2293.43
197,4.0,2408.10
197,4.1,2528.51
197,4.1,2654.94
197,4.1,2787.68
197,4.2,2927.07
197,5.2,3073.42
197,6.6,3227.09
197,8.2,3388.45
197,8.2,3557.87
197,8.2,3735.76
197,9.0,3922.55
197,9.1,4118.68
197,9.9,4324.61
197,10.3,4540.84
197,10.4,4767.88
197,10.4,5006.28
197,11.0,5256.59
197,11.5,5519.42
197,11.7,5795.39
197,12.1,6085.16
197,13.0,6389.42
197,14.2,6708.89
198,1.0,425.87
198,1.9,447.17
198,2.0,469.53
198,2.1,493.00
198,3.0,517.65
198,3.1,543.54
198,4.1,570.71
199,0.0,348.02
199,1.1,365.42
199,2.1,383.70
199,3.4,402.88
199,4.4,423.02
199,4.5,444.18
199,6.3,466.38
199,7.0,489.70
199,8.3,514.19
200,2.4,2446.35
200,2.8,2568.66
200,2.9,2697.10
200,3.1,2831.95
200,3.2,2973.55
200,4.0,3122.23
200,4.1,3278.34
200,4.2,3442.26
200,4.3,3614.37
200,5.0,3795.09
200,5.5,3984.84
200,7.0,4184.08
200,7.2,4393.29
200,7.3,4612.95
200,8.4,4843.60
200,9.4,5085.78
